OverallQual,ExterQual,GrLivArea,KitchenQual
5,3,896,3.0
6,3,1329,4.0
5,3,1629,3.0
6,3,1604,4.0
8,4,1280,4.0
6,3,1655,3.0
6,3,1187,3.0
6,3,1465,3.0
7,3,1341,4.0
4,3,882,3.0
7,4,1337,4.0
6,3,987,3.0
5,3,1092,3.0
6,3,1456,4.0
7,3,836,3.0
9,5,2334,5.0
8,4,1544,4.0
9,4,1698,5.0
8,4,1822,5.0
9,5,2696,5.0
8,4,2250,4.0
8,4,1370,4.0
6,4,1324,4.0
7,4,1145,4.0
7,4,1374,4.0
7,4,1733,4.0
8,4,2475,4.0
8,4,1595,4.0
7,4,1218,4.0
6,4,1468,4.0
7,4,1659,4.0
5,3,1012,3.0
6,3,1494,3.0
8,4,2349,4.0
8,4,2225,4.0
7,4,1488,4.0
7,4,1680,4.0
7,4,1200,4.0
7,4,1200,4.0
6,4,1236,4.0
6,4,1512,4.0
7,4,1080,4.0
8,4,1418,4.0
8,4,1848,4.0
7,4,1492,4.0
6,3,1829,3.0
6,3,2495,4.0
6,3,1891,3.0
6,3,1645,3.0
5,3,1232,3.0
5,3,1209,3.0
5,3,1510,4.0
6,3,1775,3.0
5,3,1728,3.0
5,4,2461,3.0
6,3,1556,3.0
6,3,1128,4.0
5,3,1604,3.0
7,4,1480,4.0
5,3,1143,3.0
5,3,1206,3.0
6,3,1580,3.0
4,3,1337,3.0
5,3,1064,2.0
5,3,972,3.0
5,3,988,3.0
4,3,985,3.0
6,3,1224,3.0
5,3,1175,3.0
6,3,1395,3.0
4,3,1844,3.0
5,3,936,3.0
5,3,1347,4.0
6,3,1251,2.0
5,3,1633,4.0
5,3,1245,3.0
2,3,832,3.0
8,4,1566,4.0
8,4,2268,4.0
5,3,2256,2.0
6,3,1470,3.0
5,3,1612,3.0
7,3,2068,4.0
4,3,765,4.0
6,3,1132,3.0
6,3,1196,3.0
5,3,1453,4.0
6,3,1416,3.0
5,3,1040,3.0
5,3,1536,3.0
6,3,1068,3.0
4,3,1962,3.0
6,4,1560,4.0
6,3,1324,3.0
5,3,1675,3.0
5,3,1224,0.0
5,2,1392,3.0
6,3,919,3.0
4,3,1884,3.0
5,3,1680,3.0
4,2,1832,3.0
5,3,892,4.0
5,3,864,3.0
5,3,1373,3.0
5,3,1440,3.0
7,4,1483,3.0
4,3,756,3.0
6,3,1981,4.0
3,3,1610,2.0
6,3,1074,4.0
4,3,1531,3.0
5,3,1172,3.0
7,4,1508,4.0
5,3,1298,3.0
7,4,1433,4.0
6,4,1802,4.0
7,4,1222,4.0
6,3,1445,3.0
5,3,965,3.0
7,3,1692,3.0
5,4,1026,3.0
5,3,876,3.0
8,4,1978,4.0
7,4,2098,4.0
6,4,848,4.0
3,3,640,3.0
5,3,992,3.0
5,3,1196,3.0
4,3,1120,2.0
6,3,1096,3.0
4,3,960,3.0
5,3,1296,2.0
6,3,856,3.0
4,3,2650,3.0
5,3,1666,3.0
7,4,2133,3.0
5,3,2177,3.0
7,3,1652,4.0
8,4,1034,4.0
8,4,1191,4.0
2,3,540,3.0
6,3,1107,3.0
4,2,952,3.0
8,4,1646,4.0
8,4,1916,4.0
6,3,1285,4.0
6,3,2048,3.0
7,4,1346,4.0
7,4,1214,4.0
5,3,1444,3.0
5,3,1264,3.0
5,3,1430,4.0
5,3,1344,3.0
5,3,945,3.0
4,3,1092,3.0
4,3,1092,3.0
4,3,1092,3.0
5,3,874,3.0
5,3,833,4.0
5,3,2432,3.0
5,3,1274,3.0
5,3,1479,3.0
8,4,1803,4.0
6,4,1797,4.0
6,3,882,3.0
6,3,1434,3.0
6,3,1608,3.0
8,4,2283,4.0
7,3,1628,3.0
8,4,2522,4.0
8,3,1478,3.0
8,4,1734,4.0
7,4,1382,3.0
6,4,1636,3.0
6,3,1516,4.0
6,3,1190,4.0
5,3,1934,3.0
7,3,2050,4.0
6,3,1671,3.0
7,3,2673,4.0
6,3,1707,3.0
7,4,1884,5.0
8,4,1874,4.0
8,4,1811,4.0
5,3,1621,3.0
6,3,1116,3.0
7,3,1193,3.0
5,3,1180,3.0
5,3,1050,3.0
4,3,864,3.0
4,3,864,3.0
6,3,987,3.0
6,3,987,3.0
6,3,1548,3.0
7,3,1055,3.0
6,3,1456,3.0
6,3,1548,3.0
6,4,1456,3.0
7,3,836,3.0
5,4,1120,3.0
9,5,2772,5.0
9,4,2690,5.0
9,5,2020,5.0
10,5,2674,5.0
9,5,1736,5.0
8,4,1782,4.0
8,4,2520,5.0
9,5,1743,5.0
9,4,1531,5.0
9,5,1808,5.0
7,4,1760,4.0
9,4,2452,5.0
8,4,2400,4.0
8,4,1606,4.0
6,4,1358,4.0
6,4,1306,4.0
7,4,1358,4.0
10,5,2492,5.0
8,4,2200,5.0
9,5,1884,5.0
9,5,1456,5.0
8,4,1712,4.0
7,4,1405,4.0
7,4,1456,4.0
6,4,1490,4.0
7,4,1220,4.0
7,4,1374,4.0
7,4,1630,4.0
7,4,1594,4.0
7,4,1489,4.0
7,4,1342,4.0
8,4,2004,4.0
7,4,1374,4.0
6,3,1514,3.0
7,3,1430,3.0
7,4,2312,4.0
7,3,1430,3.0
8,4,2687,4.0
8,4,2063,4.0
7,4,2061,4.0
8,4,2232,4.0
8,4,1696,4.0
8,4,1658,4.0
8,4,1702,4.0
8,4,1432,4.0
9,5,2490,5.0
7,4,1436,4.0
7,4,1402,4.0
9,4,1530,4.0
8,4,1448,4.0
8,4,1795,4.0
8,4,1836,4.0
7,4,1662,5.0
7,4,1553,4.0
7,4,1653,4.0
7,4,1218,4.0
7,4,1141,4.0
6,3,1158,4.0
7,4,1812,4.0
8,4,1512,4.0
7,4,1114,4.0
5,3,1114,4.0
5,3,1114,4.0
7,4,1450,4.0
7,4,2122,4.0
6,4,1730,4.0
6,4,1332,4.0
7,4,1540,4.0
6,3,1400,3.0
6,3,1882,3.0
5,3,980,3.0
5,3,864,3.0
5,3,864,3.0
5,3,1020,3.0
5,4,912,4.0
5,3,912,3.0
8,4,2014,4.0
7,4,1755,4.0
7,4,3005,4.0
6,4,1726,4.0
6,4,1256,4.0
6,4,1512,4.0
7,4,1452,4.0
8,5,1694,5.0
7,4,1740,4.0
8,4,2499,3.0
7,3,2067,4.0
6,3,2640,4.0
5,3,1336,3.0
6,3,1216,3.0
7,3,2288,4.0
5,3,864,3.0
5,3,1568,3.0
7,3,2061,3.0
6,3,1320,3.0
4,3,894,3.0
5,3,864,3.0
4,3,1362,3.0
5,3,1728,3.0
5,3,1313,4.0
5,3,1292,3.0
5,3,2140,3.0
6,3,1576,4.0
5,3,960,3.0
6,4,1691,3.0
6,3,1453,3.0
6,3,1567,4.0
5,4,1144,3.0
7,3,1329,3.0
6,4,988,4.0
5,3,1202,3.0
5,3,1382,4.0
4,3,1200,3.0
5,3,1866,3.0
6,3,1062,3.0
5,3,1112,3.0
5,3,793,2.0
5,4,1031,4.0
5,3,1210,3.0
7,3,1527,3.0
5,3,1200,3.0
3,3,792,3.0
5,3,1352,4.0
4,4,1039,3.0
5,3,1078,5.0
4,3,2377,4.0
7,4,1690,4.0
2,2,599,4.0
5,3,846,4.0
3,3,725,3.0
6,3,2544,3.0
6,3,1380,3.0
6,2,1040,3.0
6,4,951,4.0
6,3,1105,3.0
6,3,1142,3.0
6,3,1133,3.0
5,3,1041,3.0
5,3,732,3.0
5,3,1183,3.0
4,3,1461,3.0
6,3,1495,3.0
6,3,1806,3.0
5,3,941,4.0
6,3,1045,3.0
6,3,1378,4.0
6,3,1944,3.0
5,3,1306,4.0
5,4,1464,3.0
5,3,1558,3.0
4,2,1701,2.0
5,3,1447,3.0
5,3,1328,3.0
4,3,861,3.0
2,3,612,3.0
5,4,792,3.0
4,4,1510,4.0
6,3,2007,5.0
6,3,1288,5.0
4,3,816,3.0
6,2,1480,3.0
6,3,1521,4.0
3,3,797,3.0
6,3,1432,4.0
5,3,1654,3.0
5,3,1142,3.0
5,3,995,3.0
5,3,1582,3.0
5,3,1072,3.0
6,3,1768,3.0
7,3,1944,3.0
5,3,2128,3.0
6,3,1930,3.0
6,3,1427,4.0
7,3,1864,3.0
6,3,1666,3.0
4,3,892,4.0
6,3,1403,3.0
4,3,704,2.0
5,3,1200,3.0
5,3,1152,3.0
5,3,1112,3.0
5,3,1052,3.0
6,3,1034,3.0
5,3,1774,3.0
6,3,1138,3.0
5,3,2071,3.0
2,3,660,2.0
4,3,1383,3.0
5,3,1073,3.0
6,3,1639,4.0
5,3,1089,3.0
5,4,1049,4.0
7,4,1061,4.0
6,4,1338,4.0
7,4,1879,4.0
5,4,2016,3.0
5,3,2228,3.0
5,3,1535,3.0
5,3,1229,4.0
5,3,1513,3.0
7,3,2787,3.0
7,3,2787,3.0
7,3,2787,3.0
9,5,1680,5.0
9,5,1720,5.0
8,4,1468,4.0
8,4,1838,4.0
7,4,1290,4.0
8,4,1254,4.0
8,4,1498,4.0
6,4,1422,4.0
7,4,1759,4.0
5,3,990,3.0
7,3,1463,3.0
6,3,1772,3.0
7,4,1444,4.0
7,4,1492,4.0
5,3,907,3.0
5,3,914,3.0
7,4,1611,4.0
8,4,2184,4.0
7,4,1725,4.0
7,4,1870,4.0
8,4,1513,4.0
8,4,1828,4.0
7,4,1417,4.0
8,4,1602,4.0
6,4,1396,4.0
4,3,1149,3.0
6,3,1072,3.0
4,3,876,3.0
5,3,1368,3.0
5,3,1678,3.0
5,3,1560,3.0
5,3,1298,3.0
5,3,1268,3.0
6,3,1242,3.0
6,4,1232,4.0
7,3,1228,3.0
5,3,1567,3.0
5,3,1273,3.0
7,3,2480,3.0
5,3,1112,3.0
6,3,1561,3.0
5,3,1523,2.0
6,3,1906,3.0
6,3,1032,3.0
6,3,1229,4.0
6,3,1229,3.0
6,3,1982,3.0
7,4,2365,5.0
5,3,2168,4.0
4,3,572,3.0
8,5,1648,5.0
2,2,810,3.0
8,4,2052,4.0
6,3,926,3.0
6,3,1287,3.0
5,3,1595,3.0
9,5,2036,5.0
9,5,1641,5.0
6,3,2237,4.0
7,3,1479,4.0
7,4,2014,4.0
9,5,1978,5.0
5,3,1008,4.0
5,3,1404,3.0
5,3,796,3.0
6,3,1091,3.0
5,3,883,3.0
5,3,1287,3.0
5,4,1632,3.0
6,3,1604,3.0
6,3,1470,3.0
6,3,1604,3.0
6,3,1636,3.0
5,4,1384,4.0
8,4,1682,4.0
8,4,1280,4.0
6,3,1633,3.0
6,3,1709,4.0
8,4,1337,4.0
8,4,2500,5.0
9,5,1884,5.0
6,3,1474,3.0
9,5,1710,5.0
6,3,1488,3.0
7,4,1688,5.0
7,4,1260,3.0
7,4,2064,4.0
7,4,1782,4.0
6,3,1211,4.0
7,3,2044,3.0
5,3,1308,3.0
7,4,2840,4.0
6,3,1444,3.0
8,4,2340,4.0
5,3,1792,3.0
4,3,936,3.0
5,3,864,3.0
6,3,987,3.0
6,3,987,3.0
5,3,1302,3.0
6,3,1456,3.0
7,3,1055,3.0
8,4,1582,4.0
8,4,2464,5.0
9,5,1950,5.0
9,4,2748,5.0
10,5,2790,5.0
9,4,2331,5.0
8,5,2088,4.0
8,4,2332,5.0
10,5,2470,5.0
8,4,1575,4.0
8,4,2649,4.0
8,4,2690,4.0
9,5,1866,5.0
7,4,1367,4.0
9,5,1800,5.0
8,4,1342,4.0
8,4,1342,4.0
7,4,1626,4.0
7,4,1455,4.0
7,4,1576,4.0
7,4,1246,4.0
6,4,1515,4.0
7,4,1720,4.0
7,4,1986,4.0
7,4,1358,4.0
7,4,1892,3.0
7,4,1414,4.0
7,4,2322,3.0
7,3,1651,3.0
8,4,2199,4.0
9,4,2172,5.0
8,4,2006,4.0
7,4,2125,4.0
8,4,2501,4.0
7,4,2197,4.0
7,4,1578,4.0
8,4,1861,4.0
8,4,1874,4.0
8,4,1460,4.0
8,4,1372,4.0
8,4,1660,4.0
7,4,1218,4.0
6,4,1696,4.0
7,4,1663,4.0
6,3,1175,4.0
7,4,1162,4.0
6,4,1609,4.0
6,4,1680,4.0
7,4,1657,4.0
6,4,1677,4.0
7,4,1737,4.0
5,3,984,3.0
5,3,864,4.0
5,3,890,3.0
5,3,864,3.0
6,3,1430,3.0
5,3,1641,3.0
6,4,2683,4.0
9,4,2786,4.0
7,4,1245,4.0
6,4,1200,4.0
7,4,1392,4.0
6,3,1549,3.0
9,4,1638,5.0
9,4,1310,4.0
9,4,1419,5.0
9,4,1557,5.0
7,4,1404,4.0
7,3,1789,3.0
8,4,1586,4.0
8,4,1607,4.0
10,5,2393,5.0
8,4,1239,4.0
9,4,2944,4.0
8,5,1671,5.0
7,4,1812,3.0
6,3,1427,3.0
6,3,1740,3.0
7,3,1620,4.0
5,3,1625,3.0
5,3,1464,3.0
5,4,925,3.0
5,3,1728,3.0
7,3,1670,3.0
5,3,1014,3.0
5,3,1114,3.0
5,3,1118,4.0
4,3,906,3.0
5,2,1496,4.0
5,3,1337,4.0
5,3,1036,3.0
6,4,1988,4.0
5,3,1176,3.0
5,3,1440,4.0
6,3,1570,3.0
5,3,1104,3.0
5,3,882,4.0
5,3,1152,3.0
5,3,950,3.0
6,3,1790,3.0
5,3,1764,3.0
5,3,1824,3.0
4,3,869,3.0
5,3,1159,3.0
4,4,672,3.0
5,3,1436,3.0
5,3,1044,3.0
7,3,1312,3.0
6,3,1081,3.0
5,3,876,3.0
5,3,1256,4.0
5,3,1027,3.0
6,3,1320,3.0
6,3,984,3.0
6,3,1278,3.0
5,3,1800,3.0
5,3,1588,3.0
5,3,825,3.0
5,3,1117,3.0
6,3,1133,3.0
5,3,1323,3.0
5,3,1360,3.0
5,3,672,3.0
6,4,1456,4.0
4,3,1594,3.0
4,3,1656,3.0
5,2,1740,5.0
7,4,1027,4.0
6,3,1436,3.0
5,3,899,3.0
5,3,1080,4.0
5,3,1499,3.0
2,3,407,3.0
3,3,1588,3.0
5,3,1627,3.0
7,3,1450,3.0
5,3,1017,3.0
5,3,2350,3.0
5,4,1540,4.0
2,2,1086,3.0
7,3,2495,3.0
5,3,984,2.0
4,3,1093,3.0
5,4,1143,3.0
7,3,1668,4.0
5,3,1738,3.0
5,3,1210,4.0
6,3,1290,3.0
6,3,1672,4.0
5,3,949,3.0
6,3,1497,3.0
6,3,1342,3.0
6,3,1013,3.0
5,3,1216,3.0
4,3,896,3.0
4,3,1136,3.0
5,3,808,3.0
7,3,2009,3.0
5,3,1902,3.0
6,3,1716,4.0
6,3,1984,3.0
6,4,1609,3.0
6,4,768,3.0
6,3,1536,3.0
6,3,1969,3.0
5,3,1308,3.0
6,3,1040,3.0
6,3,1236,3.0
5,3,759,3.0
3,2,1344,3.0
5,4,1054,3.0
5,3,1075,4.0
6,3,1096,3.0
5,3,992,4.0
6,3,1034,3.0
5,3,1073,3.0
5,3,1126,3.0
5,3,1140,3.0
5,3,960,4.0
6,3,1188,3.0
5,3,1721,3.0
5,3,1350,4.0
5,3,904,4.0
7,3,1524,3.0
7,3,1079,3.0
5,3,1518,2.0
5,3,1509,4.0
5,3,864,3.0
6,4,1269,3.0
6,4,2814,4.0
7,4,1626,4.0
7,4,2200,4.0
7,4,2037,4.0
7,4,1356,4.0
8,4,1615,4.0
9,4,2276,5.0
9,5,1766,5.0
8,4,1511,4.0
6,3,1643,3.0
5,3,990,3.0
7,3,1418,4.0
6,3,1771,4.0
7,4,1652,4.0
7,4,1823,4.0
5,3,1174,3.0
5,3,1076,3.0
5,3,1558,3.0
7,4,2161,4.0
9,4,1947,4.0
8,4,1786,4.0
7,4,2327,4.0
8,4,1764,4.0
6,4,848,4.0
6,3,1838,3.0
7,4,1445,4.0
7,4,1564,4.0
7,4,1361,4.0
5,3,1092,3.0
5,3,1033,3.0
6,3,1127,3.0
6,3,1117,3.0
6,3,1398,3.0
5,3,3820,5.0
4,3,1152,3.0
4,3,1152,3.0
4,3,784,3.0
5,3,1053,5.0
5,3,1137,3.0
4,3,930,3.0
4,3,1204,3.0
4,3,1292,4.0
7,3,1424,3.0
6,3,1920,3.0
6,3,1316,3.0
6,3,1264,3.0
8,4,1512,4.0
6,3,1603,3.0
5,3,1938,4.0
5,3,1374,3.0
6,3,1091,3.0
8,3,1873,3.0
7,3,2161,4.0
5,3,1898,3.0
6,3,1032,3.0
6,3,919,3.0
6,3,1090,3.0
5,3,1200,3.0
5,2,1656,3.0
5,3,912,3.0
5,3,1955,3.0
1,2,733,2.0
4,3,1361,3.0
4,3,1049,3.0
4,3,864,2.0
8,5,1648,5.0
7,4,1646,5.0
7,4,2032,4.0
7,3,1820,4.0
5,3,1872,3.0
4,3,1689,3.0
7,4,1501,4.0
8,4,1537,4.0
8,4,1780,4.0
5,3,1442,3.0
7,4,1612,4.0
6,3,1495,3.0
6,4,1256,4.0
8,4,1440,4.0
6,4,1675,4.0
8,4,1728,4.0
8,4,1964,4.0
7,3,1344,3.0
5,3,1092,3.0
6,3,1189,3.0
4,3,1200,3.0
5,3,1040,3.0
5,3,1475,3.0
4,3,988,3.0
4,3,988,3.0
5,3,1160,4.0
6,3,1092,3.0
5,3,816,3.0
5,3,845,4.0
5,3,889,3.0
5,3,1836,3.0
6,3,1587,3.0
6,3,1384,3.0
6,3,1694,3.0
6,3,1714,3.0
7,4,1553,4.0
6,3,2299,3.0
7,3,1187,4.0
6,3,1642,3.0
6,3,1128,3.0
8,4,1179,3.0
8,4,1321,4.0
8,4,2541,5.0
9,5,2338,4.0
5,3,1424,3.0
9,4,1612,5.0
8,4,2234,4.0
10,5,2042,5.0
6,3,1284,3.0
7,4,1479,4.0
7,3,1664,4.0
7,3,1930,4.0
6,3,1177,4.0
6,3,1353,3.0
6,3,1220,3.0
7,3,1324,4.0
6,3,1877,3.0
5,3,1422,3.0
5,3,914,5.0
4,3,914,3.0
6,4,1337,4.0
6,4,1337,4.0
6,3,1092,3.0
6,3,1218,5.0
7,3,1055,3.0
5,3,988,3.0
9,5,1816,5.0
8,4,1694,4.0
8,4,2122,4.0
9,5,2656,5.0
8,4,2550,5.0
10,5,2046,5.0
9,5,2552,5.0
9,4,2758,5.0
10,5,2290,5.0
8,4,2152,4.0
8,5,2100,5.0
9,5,1802,5.0
8,4,2956,5.0
8,4,2385,4.0
8,4,1818,5.0
7,4,1614,4.0
8,4,1721,4.0
8,4,1828,4.0
6,4,1302,4.0
6,4,1302,4.0
6,4,1362,4.0
8,4,1554,4.0
9,5,1577,5.0
8,4,1324,4.0
7,4,1405,4.0
6,4,1496,4.0
6,4,1536,4.0
7,3,1458,4.0
6,4,1495,4.0
6,4,1746,4.0
6,3,1326,4.0
6,4,1504,4.0
7,4,1456,4.0
7,4,1258,4.0
8,4,1589,4.0
7,4,1266,4.0
7,4,1119,4.0
7,4,1374,4.0
7,4,1525,4.0
7,4,1394,4.0
7,4,1948,4.0
7,4,1995,4.0
6,3,1690,3.0
6,3,1644,3.0
8,4,2551,4.0
9,4,3078,4.0
8,4,2582,4.0
7,4,2385,4.0
8,4,2202,4.0
8,4,2538,4.0
7,4,1369,4.0
8,4,1542,4.0
8,4,1534,4.0
10,5,1966,5.0
7,4,1528,4.0
8,4,1538,4.0
7,4,1506,4.0
7,4,1977,4.0
8,4,1830,4.0
8,4,1338,4.0
7,4,1335,4.0
8,4,1792,4.0
5,4,1588,4.0
8,4,1880,5.0
8,5,1584,5.0
8,4,1685,4.0
6,4,2443,4.0
6,3,1100,3.0
7,4,1143,4.0
5,4,1094,4.0
7,4,1486,4.0
6,4,1820,4.0
6,3,1266,3.0
5,3,894,3.0
5,3,1040,3.0
7,4,2503,4.0
5,3,1037,3.0
6,3,1055,4.0
8,4,1378,4.0
8,4,1151,4.0
8,4,1565,4.0
7,4,1352,4.0
8,4,1550,4.0
6,3,1501,3.0
6,4,1573,4.0
7,4,1358,4.0
8,4,2048,4.0
8,4,2362,4.0
8,4,1494,4.0
7,4,2362,4.0
8,4,2497,4.0
6,3,1152,3.0
6,3,2411,3.0
6,3,1082,3.0
6,3,1295,3.0
7,3,1610,4.0
7,3,1594,4.0
7,4,2075,4.0
6,3,1093,3.0
6,3,1052,3.0
5,3,1107,4.0
4,3,1224,3.0
5,3,1074,4.0
5,3,1187,3.0
5,3,964,3.0
5,3,894,3.0
7,3,1200,3.0
6,3,1042,3.0
6,3,2154,3.0
6,3,1374,3.0
6,3,1652,4.0
5,3,908,3.0
3,2,666,4.0
3,3,670,2.0
5,3,808,3.0
5,3,1150,3.0
5,3,1560,3.0
5,3,1280,3.0
6,3,1254,3.0
6,3,936,4.0
5,3,1008,2.0
5,3,1053,4.0
5,3,1144,3.0
6,3,1721,3.0
5,3,922,3.0
5,3,1411,3.0
5,3,1216,3.0
5,3,1154,5.0
5,3,1560,3.0
6,3,948,3.0
6,3,1040,3.0
5,3,925,4.0
4,3,1540,2.0
5,3,925,3.0
4,3,1647,3.0
5,3,924,3.0
4,4,1544,3.0
5,3,1728,3.0
5,3,3086,4.0
4,3,1281,3.0
5,3,1534,4.0
7,3,1651,3.0
5,3,888,3.0
6,3,952,3.0
5,3,1238,3.0
5,3,1040,4.0
5,3,1170,3.0
5,3,1242,3.0
5,3,1377,3.0
5,3,925,3.0
5,3,864,3.0
5,3,936,3.0
5,4,960,3.0
6,3,1296,3.0
5,3,1022,2.0
5,3,967,3.0
5,3,1072,3.0
5,3,1174,4.0
4,3,1141,3.0
4,3,1798,3.0
8,4,1772,4.0
6,3,1642,3.0
5,3,1232,3.0
6,3,1650,3.0
5,3,1358,4.0
7,3,2454,3.0
4,3,968,3.0
4,3,1382,3.0
5,3,1060,3.0
5,3,1435,3.0
5,3,1274,3.0
6,3,1232,3.0
5,4,884,3.0
6,3,1409,3.0
5,3,1322,3.0
5,3,1426,3.0
5,3,1281,4.0
6,3,2264,3.0
6,3,1376,4.0
5,3,1316,3.0
7,3,1344,4.0
5,3,1173,3.0
5,3,1214,3.0
6,3,2294,3.0
7,3,1952,4.0
6,3,2180,3.0
4,3,1315,3.0
4,2,1484,3.0
7,3,2267,3.0
5,3,1282,3.0
5,3,999,3.0
5,3,1452,3.0
4,3,1005,3.0
5,4,1020,3.0
5,3,1040,3.0
5,3,868,3.0
5,3,897,3.0
5,3,943,3.0
5,3,912,4.0
5,3,1375,3.0
5,3,2654,3.0
7,3,1302,4.0
6,3,1299,4.0
5,3,1176,3.0
4,2,998,3.0
6,3,1522,3.0
5,3,1325,4.0
5,3,1630,3.0
4,3,1242,3.0
6,3,2422,4.0
6,3,1626,4.0
5,3,864,3.0
4,3,943,4.0
5,4,1038,3.0
5,3,1342,3.0
5,3,1480,3.0
4,2,1362,3.0
6,3,1822,4.0
7,4,1958,4.0
8,4,1651,4.0
8,4,2140,4.0
8,4,1651,4.0
7,4,1546,4.0
8,4,1500,4.0
7,4,1270,4.0
7,4,1795,4.0
7,4,1873,4.0
8,4,1743,4.0
5,3,1022,3.0
6,3,1308,4.0
5,3,990,3.0
5,3,1097,3.0
7,4,1873,4.0
7,4,1753,3.0
7,4,1690,4.0
7,4,1842,4.0
5,3,894,3.0
5,3,1025,3.0
5,3,1009,3.0
5,3,1040,3.0
5,3,907,3.0
5,3,879,3.0
5,3,864,5.0
4,3,875,4.0
7,4,1673,4.0
7,4,1932,4.0
7,4,1729,4.0
8,4,1592,4.0
8,4,2439,4.0
7,4,1992,4.0
8,4,1341,4.0
7,4,1476,4.0
7,4,1190,4.0
6,4,1330,4.0
7,4,1491,4.0
5,4,1536,4.0
5,3,936,3.0
4,3,1088,3.0
5,3,1351,3.0
6,3,1179,3.0
6,3,1044,3.0
5,3,2233,3.0
5,3,1408,3.0
10,5,5095,5.0
6,3,1072,4.0
5,3,960,2.0
4,3,1152,2.0
5,3,1195,3.0
6,3,865,3.0
4,3,768,3.0
4,3,864,3.0
5,3,2592,3.0
5,3,1422,3.0
6,3,1298,3.0
7,3,1098,3.0
6,3,1436,3.0
6,3,1461,3.0
7,3,1718,4.0
5,3,1226,3.0
4,3,1755,4.0
5,3,1355,3.0
6,3,1560,3.0
6,3,1488,3.0
6,3,1045,3.0
4,3,1680,4.0
8,3,1020,3.0
7,3,1696,3.0
8,4,2726,4.0
6,3,1215,4.0
5,4,1601,3.0
5,3,1828,4.0
5,3,816,3.0
2,3,845,3.0
5,3,1991,3.0
4,3,1073,3.0
5,4,1001,4.0
8,4,1625,4.0
6,3,1299,4.0
5,4,1392,4.0
7,4,1409,4.0
7,3,1478,3.0
7,3,918,3.0
6,3,1026,3.0
7,4,1501,4.0
6,3,2279,4.0
7,4,1689,4.0
8,4,1564,5.0
7,3,1240,4.0
8,4,1312,4.0
8,4,1922,4.0
6,4,1491,3.0
7,4,2486,4.0
10,5,1824,5.0
3,3,2034,3.0
6,3,936,3.0
4,3,1092,3.0
4,3,992,3.0
4,3,1092,3.0
4,3,1092,3.0
5,3,1008,4.0
6,3,1356,3.0
5,3,1676,4.0
5,3,1432,3.0
5,3,796,3.0
4,3,1608,3.0
5,3,1178,3.0
5,3,816,3.0
5,3,887,3.0
6,3,1293,3.0
6,3,1024,4.0
5,3,1797,3.0
6,3,1390,5.0
7,3,1851,3.0
6,3,1525,3.0
6,3,1671,3.0
6,3,1776,3.0
8,4,2064,4.0
7,4,2212,4.0
8,4,2687,4.0
6,3,1169,3.0
8,3,1204,3.0
9,4,2798,5.0
10,5,3390,5.0
9,4,2473,4.0
10,5,2698,5.0
9,4,2795,5.0
9,4,1714,4.0
9,5,2000,5.0
6,3,1102,3.0
7,3,1857,3.0
7,4,1083,3.0
7,4,2318,4.0
6,3,1875,4.0
6,3,1103,3.0
4,3,874,3.0
6,4,1419,4.0
6,3,1092,3.0
5,3,1365,4.0
6,3,1030,3.0
6,3,948,3.0
6,3,1092,3.0
6,3,1069,3.0
5,3,1387,3.0
7,3,1055,3.0
6,3,1456,3.0
9,4,2589,5.0
8,4,1618,4.0
7,4,1740,4.0
9,5,1868,5.0
9,4,2206,5.0
9,5,2091,5.0
8,4,2253,5.0
8,4,2389,4.0
8,4,2358,5.0
9,5,1792,4.0
9,5,1780,5.0
8,4,1914,4.0
9,5,1565,5.0
9,4,1686,5.0
9,5,1666,4.0
6,4,1456,4.0
7,4,1492,4.0
6,4,1326,4.0
8,4,2373,4.0
7,4,1492,4.0
7,4,1364,4.0
7,4,1511,4.0
7,4,1548,4.0
7,4,1142,4.0
7,4,1598,4.0
6,3,1889,3.0
7,4,2322,4.0
8,4,1976,4.0
8,4,2234,4.0
9,4,2855,5.0
8,4,2726,4.0
9,4,3500,5.0
8,4,2494,4.0
8,4,2799,4.0
8,4,1964,4.0
8,4,1670,4.0
8,4,1504,4.0
8,4,1278,4.0
9,4,2640,5.0
6,4,1716,4.0
6,3,1142,4.0
7,4,1400,4.0
6,3,1131,4.0
7,4,1686,4.0
7,4,1585,4.0
6,3,1837,3.0
6,4,1731,4.0
6,4,1398,4.0
6,4,1217,4.0
6,3,1320,4.0
5,3,988,3.0
6,3,1654,3.0
5,3,1211,3.0
5,3,984,3.0
5,3,909,3.0
5,3,925,3.0
5,3,1024,3.0
5,3,912,3.0
5,3,941,3.0
7,4,2646,4.0
8,4,2826,4.0
7,4,1143,4.0
7,4,1223,4.0
6,4,1524,4.0
7,4,1080,4.0
7,4,1694,4.0
8,4,1568,4.0
5,3,1193,3.0
7,3,1334,3.0
5,3,1051,3.0
5,3,1770,3.0
6,3,976,4.0
5,3,898,3.0
5,3,1051,3.0
5,3,1141,3.0
6,3,1565,4.0
6,3,1488,3.0
5,3,1440,3.0
5,3,1248,3.0
6,3,816,3.0
5,3,1043,3.0
5,3,1433,3.0
5,3,1624,3.0
5,3,1216,3.0
5,3,1728,3.0
5,3,936,3.0
5,3,1584,3.0
6,3,1246,3.0
6,3,1008,3.0
5,3,1364,3.0
6,3,1336,3.0
5,3,1370,3.0
6,3,1124,3.0
6,3,1050,4.0
5,3,1008,3.0
6,3,1575,4.0
5,3,1145,3.0
5,3,1005,3.0
5,3,1056,3.0
5,3,884,3.0
7,4,2039,3.0
5,3,1384,3.0
5,3,2640,3.0
6,3,1312,3.0
3,3,713,4.0
3,3,715,3.0
4,3,720,2.0
6,3,1595,3.0
4,3,1760,3.0
6,3,1146,3.0
6,3,1207,3.0
6,3,1773,3.0
7,3,1472,4.0
7,3,2448,3.0
4,3,1521,4.0
3,3,1040,3.0
5,3,1556,3.0
5,3,1150,3.0
7,3,1045,3.0
5,3,864,3.0
5,3,1025,3.0
5,4,2014,3.0
5,3,1668,3.0
4,3,1657,2.0
6,3,1416,4.0
7,3,1428,3.0
7,3,1004,4.0
4,4,1951,2.0
6,3,1032,3.0
5,3,844,3.0
4,3,864,3.0
3,3,1376,3.0
5,3,960,3.0
5,3,1566,4.0
3,3,492,3.0
6,3,1182,3.0
3,3,840,2.0
7,3,2104,3.0
5,3,1248,3.0
5,3,960,3.0
3,2,1020,2.0
6,3,1827,3.0
3,4,1162,3.0
5,3,1324,4.0
5,3,816,3.0
6,3,2486,3.0
4,3,1430,2.0
5,2,1330,3.0
5,3,819,4.0
6,3,984,3.0
5,3,1422,3.0
6,3,1921,3.0
5,3,1640,3.0
5,3,1032,3.0
5,3,879,3.0
7,3,1073,3.0
5,3,1064,3.0
6,3,934,3.0
5,3,1059,3.0
5,3,1458,3.0
6,3,1040,3.0
5,3,1967,3.0
5,3,1949,3.0
5,3,872,2.0
7,3,1830,3.0
5,3,1000,3.0
5,3,810,3.0
7,4,1700,4.0
4,3,1350,3.0
5,3,1150,3.0
6,3,2009,3.0
6,3,3672,4.0
5,3,1560,3.0
5,3,1488,3.0
5,3,1057,4.0
6,3,1609,3.0
6,4,2559,5.0
6,4,1440,4.0
7,4,1876,4.0
7,4,1208,4.0
6,4,1846,4.0
8,4,1590,5.0
7,4,1809,4.0
7,4,1614,4.0
7,4,1596,4.0
6,3,1388,3.0
5,3,1100,3.0
6,4,1499,4.0
7,3,1425,3.0
7,4,1749,4.0
7,4,1779,4.0
6,3,1388,3.0
6,3,1282,3.0
5,3,864,3.0
7,4,1762,4.0
6,3,1755,3.0
8,4,1358,4.0
7,4,1909,4.0
8,4,2214,4.0
7,4,2049,4.0
7,3,1939,4.0
7,4,1995,4.0
6,4,848,4.0
7,4,1390,4.0
7,4,1737,4.0
7,4,1611,4.0
7,4,1336,4.0
4,3,1436,3.0
6,3,1012,3.0
5,3,1176,3.0
7,4,1724,4.0
6,3,914,4.0
7,4,2314,4.0
6,3,1072,3.0
7,4,1709,4.0
4,3,936,3.0
6,3,1338,3.0
4,3,1669,3.0
4,3,1482,3.0
4,3,1414,3.0
2,3,498,3.0
4,3,1273,4.0
5,3,1551,2.0
6,3,1340,3.0
7,3,1479,4.0
6,3,1510,3.0
7,3,1636,4.0
5,3,1465,3.0
5,3,1288,3.0
6,3,1550,3.0
5,3,1717,3.0
7,4,1671,3.0
7,3,1609,4.0
6,3,1801,3.0
5,3,2315,3.0
5,3,976,3.0
6,3,1285,3.0
4,3,672,3.0
4,3,641,2.0
6,3,1638,4.0
3,3,729,3.0
5,2,1396,3.0
3,3,936,3.0
8,4,1778,5.0
8,4,1646,4.0
6,3,1625,2.0
6,3,1664,3.0
8,4,1491,4.0
6,3,1210,3.0
6,3,1650,3.0
6,4,1403,4.0
8,4,1960,4.0
9,5,1838,5.0
1,3,1600,3.0
7,3,1368,3.0
5,3,1304,3.0
5,3,874,3.0
5,3,1652,3.0
4,3,630,3.0
4,3,1092,3.0
5,3,1360,3.0
4,3,1092,3.0
4,3,1092,3.0
4,3,1092,3.0
4,3,1092,3.0
5,3,1224,3.0
5,3,970,3.0
7,3,2000,3.0
